time,temperature_2m,relative_humidity_2m,precipitation,pressure_msl,wind_speed_10m,soil_moisture_0_to_7cm
2026-09-03 00:00:00,25.4,75,0.0,1009.9,8.4,0.075
2026-09-03 01:00:00,24.6,80,0.0,1009.7,9.0,0.075
2026-09-03 02:00:00,24.1,82,0.0,1009.1,8.4,0.075
2026-09-03 03:00:00,23.9,82,0.0,1008.9,9.4,0.076
2026-09-03 04:00:00,23.8,82,0.0,1009.0,9.7,0.076
2026-09-03 05:00:00,23.8,83,0.0,1009.4,9.6,0.077
2026-09-03 06:00:00,23.7,83,0.0,1009.7,10.3,0.077
2026-09-03 07:00:00,24.4,80,0.0,1010.1,9.9,0.077
2026-09-03 08:00:00,25.9,75,0.0,1010.5,14.5,0.078
2026-09-03 09:00:00,26.7,71,0.0,1010.6,13.0,0.078
2026-09-03 10:00:00,27.8,67,0.0,1010.3,12.8,0.079
2026-09-03 11:00:00,27.7,68,0.1,1009.9,12.8,0.08
2026-09-03 12:00:00,28.2,64,0.1,1009.1,13.1,0.08
2026-09-03 13:00:00,28.7,61,0.0,1007.8,13.8,0.081
2026-09-03 14:00:00,28.9,59,0.0,1006.4,12.8,0.081
2026-09-03 15:00:00,29.9,55,0.1,1005.7,13.2,0.082
2026-09-03 16:00:00,29.5,56,0.0,1005.5,13.8,0.082
2026-09-03 17:00:00,28.8,58,0.0,1005.7,13.2,0.082
2026-09-03 18:00:00,28.0,63,0.0,1006.5,10.7,0.082
2026-09-03 19:00:00,27.5,67,0.0,1007.6,9.1,0.082
2026-09-03 20:00:00,26.7,71,0.0,1008.3,10.4,0.082
2026-09-03 21:00:00,26.1,74,0.0,1009.2,10.4,0.082
2026-09-03 22:00:00,25.5,76,0.0,1009.8,9.0,0.082
2026-09-03 23:00:00,25.0,79,0.0,1009.5,8.4,0.082
2026-09-04 00:00:00,24.7,81,0.0,1008.9,8.3,0.083
2026-09-04 01:00:00,24.6,80,0.0,1008.4,9.6,0.083
2026-09-04 02:00:00,24.5,80,0.0,1007.8,10.6,0.083
2026-09-04 03:00:00,24.3,81,0.0,1007.7,10.6,0.083
2026-09-04 04:00:00,24.1,84,0.0,1007.9,10.4,0.083
2026-09-04 05:00:00,24.0,85,0.0,1008.3,9.8,0.083
2026-09-04 06:00:00,23.9,85,0.0,1009.1,9.8,0.083
2026-09-04 07:00:00,24.7,81,0.0,1009.8,11.7,0.083
2026-09-04 08:00:00,26.0,73,0.0,1010.8,13.3,0.083
2026-09-04 09:00:00,27.2,66,0.0,1011.0,13.9,0.083
2026-09-04 10:00:00,28.7,59,0.1,1010.7,13.9,0.083
2026-09-04 11:00:00,29.8,53,0.1,1010.3,13.4,0.083
2026-09-04 12:00:00,31.2,47,0.1,1009.4,14.2,0.083
2026-09-04 13:00:00,31.6,46,0.1,1008.4,14.5,0.083
2026-09-04 14:00:00,31.7,45,0.1,1007.5,14.4,0.083
2026-09-04 15:00:00,31.7,45,0.1,1006.7,14.7,0.083
2026-09-04 16:00:00,31.0,47,0.2,1006.3,14.8,0.084
2026-09-04 17:00:00,30.1,51,0.1,1006.5,15.0,0.085
2026-09-04 18:00:00,29.1,57,0.0,1007.2,12.3,0.084
2026-09-04 19:00:00,28.4,62,0.0,1008.3,8.8,0.084
2026-09-04 20:00:00,27.7,66,0.0,1009.2,8.0,0.084
2026-09-04 21:00:00,27.2,68,0.0,1010.1,7.7,0.084
2026-09-04 22:00:00,26.9,68,0.0,1010.8,8.7,0.084
2026-09-04 23:00:00,26.4,70,0.0,1010.7,9.7,0.084
2026-09-05 00:00:00,25.7,73,0.0,1010.4,9.7,0.084
2026-09-05 01:00:00,25.2,75,0.0,1010.0,8.9,0.084
2026-09-05 02:00:00,24.3,77,0.0,1009.9,11.5,0.084
2026-09-05 03:00:00,23.7,80,0.0,1009.7,9.2,0.084
2026-09-05 04:00:00,24.1,80,0.0,1010.0,8.9,0.084
2026-09-05 05:00:00,23.9,83,0.0,1010.5,10.1,0.084
2026-09-05 06:00:00,23.6,85,0.0,1011.1,10.3,0.084
2026-09-05 07:00:00,24.4,81,0.0,1011.6,11.5,0.084
2026-09-05 08:00:00,26.1,71,0.0,1012.0,14.4,0.084
2026-09-05 09:00:00,27.6,63,0.0,1012.2,14.4,0.084
2026-09-05 10:00:00,29.0,56,0.0,1012.0,14.7,0.083
2026-09-05 11:00:00,29.8,53,0.1,1011.4,13.7,0.084
2026-09-05 12:00:00,30.8,49,0.1,1010.4,13.2,0.084
2026-09-05 13:00:00,31.6,47,0.1,1009.1,13.9,0.083
2026-09-05 14:00:00,31.9,46,0.0,1008.0,13.7,0.082
2026-09-05 15:00:00,31.7,45,0.0,1007.4,14.3,0.082
2026-09-05 16:00:00,31.0,49,0.0,1007.2,13.0,0.081
2026-09-05 17:00:00,30.3,52,0.0,1007.2,12.7,0.081
2026-09-05 18:00:00,29.5,56,0.0,1007.9,12.1,0.081
2026-09-05 19:00:00,28.8,61,0.0,1009.1,10.4,0.081
2026-09-05 20:00:00,28.1,64,0.0,1010.0,8.2,0.081
2026-09-05 21:00:00,27.5,67,0.0,1010.9,7.6,0.081
2026-09-05 22:00:00,27.0,70,0.0,1011.5,6.5,0.081
2026-09-05 23:00:00,26.5,72,0.0,1011.5,7.6,0.081
2026-09-06 00:00:00,26.0,74,0.1,1011.0,8.5,0.082
2026-09-06 01:00:00,25.3,77,0.0,1010.4,8.0,0.082
2026-09-06 02:00:00,24.8,79,0.0,1010.1,8.0,0.082
2026-09-06 03:00:00,24.3,81,0.0,1009.9,8.8,0.082
2026-09-06 04:00:00,24.0,83,0.0,1009.9,9.4,0.082
2026-09-06 05:00:00,23.6,85,0.0,1010.3,9.1,0.082
2026-09-06 06:00:00,23.5,85,0.0,1010.6,9.4,0.082
2026-09-06 07:00:00,24.6,79,0.0,1011.1,11.4,0.083
2026-09-06 08:00:00,26.5,69,0.0,1011.7,14.6,0.082
2026-09-06 09:00:00,28.1,62,0.0,1011.7,13.9,0.082
2026-09-06 10:00:00,28.9,58,0.0,1011.6,14.0,0.082
2026-09-06 11:00:00,29.7,54,0.0,1011.1,13.7,0.081
2026-09-06 12:00:00,30.6,51,0.0,1010.3,13.4,0.081
2026-09-06 13:00:00,31.5,48,0.0,1009.2,13.1,0.081
2026-09-06 14:00:00,31.9,46,0.0,1008.3,12.9,0.081
2026-09-06 15:00:00,31.8,46,0.0,1007.8,13.3,0.081
2026-09-06 16:00:00,31.3,48,0.0,1007.5,14.2,0.081
2026-09-06 17:00:00,30.7,50,0.0,1007.6,14.3,0.081
2026-09-06 18:00:00,30.1,53,0.0,1008.4,12.8,0.081
2026-09-06 19:00:00,29.3,58,0.0,1009.7,10.5,0.081
2026-09-06 20:00:00,28.6,62,0.0,1010.7,8.8,0.081
2026-09-06 21:00:00,27.9,66,0.0,1011.3,8.3,0.081
2026-09-06 22:00:00,27.3,69,0.0,1011.7,8.3,0.081
2026-09-06 23:00:00,26.7,71,0.0,1011.8,8.4,0.081
2026-09-07 00:00:00,26.1,74,0.0,1011.5,8.6,0.081
2026-09-07 01:00:00,25.5,76,0.0,1010.8,9.1,0.081
2026-09-07 02:00:00,25.0,78,0.0,1010.4,9.5,0.081
2026-09-07 03:00:00,24.5,80,0.0,1010.3,9.7,0.081
2026-09-07 04:00:00,24.1,83,0.0,1010.3,10.1,0.082
2026-09-07 05:00:00,24.1,82,0.0,1010.5,10.6,0.082
2026-09-07 06:00:00,24.6,79,0.0,1011.1,12.2,0.082
2026-09-07 07:00:00,25.5,75,0.0,1012.0,14.5,0.082
2026-09-07 08:00:00,26.6,69,0.0,1012.5,16.3,0.082
2026-09-07 09:00:00,27.8,63,0.0,1012.5,16.8,0.082
2026-09-07 10:00:00,29.2,56,0.0,1012.2,16.7,0.081
2026-09-07 11:00:00,30.3,51,0.0,1011.6,16.5,0.081
2026-09-07 12:00:00,31.0,48,0.0,1010.5,16.3,0.081
2026-09-07 13:00:00,31.4,47,0.0,1009.1,15.7,0.08
2026-09-07 14:00:00,31.6,46,0.0,1008.0,15.6,0.08
2026-09-07 15:00:00,31.5,46,0.0,1007.3,16.3,0.08
2026-09-07 16:00:00,31.2,46,0.0,1006.9,17.3,0.079
2026-09-07 17:00:00,30.8,47,0.0,1007.0,16.8,0.079
2026-09-07 18:00:00,30.1,50,0.0,1007.8,13.9,0.079
2026-09-07 19:00:00,29.2,55,0.0,1009.0,9.9,0.079
2026-09-07 20:00:00,28.4,60,0.0,1010.0,7.2,0.079
2026-09-07 21:00:00,27.7,64,0.0,1010.6,6.5,0.079
2026-09-07 22:00:00,27.0,68,0.0,1010.9,6.7,0.08
2026-09-07 23:00:00,26.5,71,0.0,1010.9,7.5,0.08
2026-09-08 00:00:00,26.1,73,0.0,1010.4,8.5,0.08
2026-09-08 01:00:00,25.9,73,0.0,1009.7,10.1,0.08
2026-09-08 02:00:00,25.6,74,0.0,1009.2,11.2,0.08
2026-09-08 03:00:00,25.1,76,0.0,1009.2,11.6,0.08
2026-09-08 04:00:00,24.6,78,0.0,1009.4,11.6,0.08
2026-09-08 05:00:00,24.5,78,0.0,1009.8,12.2,0.08
2026-09-08 06:00:00,24.9,76,0.0,1010.4,13.2,0.08
2026-09-08 07:00:00,25.6,72,0.0,1011.2,14.7,0.08
2026-09-08 08:00:00,26.6,68,0.0,1011.7,15.9,0.08
2026-09-08 09:00:00,27.8,62,0.0,1011.7,17.0,0.08
2026-09-08 10:00:00,29.1,55,0.0,1011.3,17.7,0.08
2026-09-08 11:00:00,30.2,51,0.0,1010.7,18.4,0.08
2026-09-08 12:00:00,30.8,47,0.0,1009.8,18.5,0.08
2026-09-08 13:00:00,31.1,45,0.0,1008.6,18.2,0.079
2026-09-08 14:00:00,31.2,44,0.0,1007.7,18.0,0.079
2026-09-08 15:00:00,31.0,44,0.0,1007.6,18.8,0.079
2026-09-08 16:00:00,30.9,45,0.0,1006.9,18.3,0.079
2026-09-08 17:00:00,30.6,45,0.0,1006.6,17.5,0.079
2026-09-08 18:00:00,30.0,48,0.0,1006.8,16.1,0.079
2026-09-08 19:00:00,29.3,51,0.0,1007.3,14.0,0.079
2026-09-08 20:00:00,28.3,56,0.0,1008.0,11.8,0.079
2026-09-08 21:00:00,27.4,62,0.0,1008.8,9.9,0.079
2026-09-08 22:00:00,26.5,67,0.0,1009.4,8.3,0.079
2026-09-08 23:00:00,25.8,72,0.0,1009.8,7.6,0.079
2026-09-09 00:00:00,25.3,75,0.0,1009.8,7.4,0.079
2026-09-09 01:00:00,24.7,78,0.0,1009.7,7.6,0.079
2026-09-09 02:00:00,24.3,80,0.0,1009.4,8.2,0.08
2026-09-09 03:00:00,24.0,81,0.0,1009.0,9.1,0.08
2026-09-09 04:00:00,23.9,81,0.0,1008.8,10.0,0.08
2026-09-09 05:00:00,24.1,79,0.0,1008.7,11.0,0.08
2026-09-09 06:00:00,24.7,75,0.0,1008.8,11.9,0.08
2026-09-09 07:00:00,25.8,70,0.0,1009.1,13.0,0.08
2026-09-09 08:00:00,27.1,64,0.0,1009.5,14.2,0.08
2026-09-09 09:00:00,28.4,58,0.0,1009.8,15.2,0.08
2026-09-09 10:00:00,29.6,53,0.0,1010.0,15.9,0.08
2026-09-09 11:00:00,30.3,51,0.0,1010.0,16.5,0.08
2026-09-09 12:00:00,30.7,49,0.0,1009.6,16.6,0.08
2026-09-09 13:00:00,30.8,48,0.0,1008.9,16.6,0.079
2026-09-09 14:00:00,30.8,47,0.0,1008.1,16.2,0.079
2026-09-09 15:00:00,30.6,48,0.0,1007.3,15.9,0.079
2026-09-09 16:00:00,30.4,48,0.0,1006.6,15.3,0.078
2026-09-09 17:00:00,30.0,49,0.0,1006.4,14.7,0.078
2026-09-09 18:00:00,29.6,51,0.0,1006.6,13.9,0.078
2026-09-09 19:00:00,28.9,53,0.0,1007.2,12.9,0.078
2026-09-09 20:00:00,28.2,56,0.0,1008.0,11.8,0.078
2026-09-09 21:00:00,27.4,60,0.0,1008.8,10.7,0.079
2026-09-09 22:00:00,26.7,63,0.0,1009.5,9.9,0.079
2026-09-09 23:00:00,26.2,66,0.0,1009.9,9.3,0.079
