temperature_2m,relativehumidity_2m,precipitation,surface_pressure,windspeed_10m,winddirection_10m,cloudcover,soil_moisture_0_to_7cm,timestamp,latitude,longitude
23.1,93,0.7,947.8,21.7,294,100,0.425,2024-09-01 00:00:00+00:00,17.385,78.4867
23.0,93,2.3,947.2,22.2,297,100,0.43,2024-09-01 01:00:00+00:00,17.385,78.4867
23.0,94,4.5,946.5,22.6,292,100,0.43,2024-09-01 02:00:00+00:00,17.385,78.4867
22.8,94,1.7,946.2,23.5,295,100,0.43,2024-09-01 03:00:00+00:00,17.385,78.4867
22.9,93,1.0,946.0,26.7,297,100,0.429,2024-09-01 04:00:00+00:00,17.385,78.4867
22.8,94,1.1,946.0,26.6,298,100,0.43,2024-09-01 05:00:00+00:00,17.385,78.4867
22.3,92,5.5,946.6,28.3,292,100,0.43,2024-09-01 06:00:00+00:00,17.385,78.4867
22.5,91,4.4,947.2,26.8,294,100,0.43,2024-09-01 07:00:00+00:00,17.385,78.4867
22.4,92,4.3,948.1,21.9,290,100,0.43,2024-09-01 08:00:00+00:00,17.385,78.4867
22.4,93,2.3,948.5,22.0,288,100,0.43,2024-09-01 09:00:00+00:00,17.385,78.4867
22.5,92,1.3,948.5,22.9,286,100,0.43,2024-09-01 10:00:00+00:00,17.385,78.4867
22.4,91,1.5,947.9,25.7,276,100,0.43,2024-09-01 11:00:00+00:00,17.385,78.4867
22.3,91,2.8,947.2,27.9,276,100,0.43,2024-09-01 12:00:00+00:00,17.385,78.4867
22.3,90,1.8,945.9,26.6,271,100,0.43,2024-09-01 13:00:00+00:00,17.385,78.4867
22.2,90,1.8,945.1,27.4,275,100,0.43,2024-09-01 14:00:00+00:00,17.385,78.4867
22.2,91,2.7,944.9,24.9,268,100,0.43,2024-09-01 15:00:00+00:00,17.385,78.4867
22.4,92,6.1,944.3,23.2,264,100,0.43,2024-09-01 16:00:00+00:00,17.385,78.4867
22.3,91,3.1,944.4,24.9,266,100,0.43,2024-09-01 17:00:00+00:00,17.385,78.4867
21.8,93,1.8,945.7,23.4,271,100,0.43,2024-09-01 18:00:00+00:00,17.385,78.4867
21.7,93,9.1,946.4,20.6,264,100,0.43,2024-09-01 19:00:00+00:00,17.385,78.4867
21.9,93,8.9,946.8,17.4,276,100,0.43,2024-09-01 20:00:00+00:00,17.385,78.4867
22.1,92,1.4,947.8,14.6,279,100,0.43,2024-09-01 21:00:00+00:00,17.385,78.4867
22.1,92,0.5,948.0,18.0,268,100,0.428,2024-09-01 22:00:00+00:00,17.385,78.4867
22.1,92,1.4,947.3,20.5,271,100,0.429,2024-09-01 23:00:00+00:00,17.385,78.4867
22.0,93,2.6,946.5,20.5,269,100,0.43,2024-09-02 00:00:00+00:00,17.385,78.4867
22.2,93,7.0,946.1,20.9,270,100,0.43,2024-09-02 01:00:00+00:00,17.385,78.4867
22.2,93,1.9,945.8,19.6,264,100,0.43,2024-09-02 02:00:00+00:00,17.385,78.4867
22.2,93,5.2,945.6,19.6,257,100,0.43,2024-09-02 03:00:00+00:00,17.385,78.4867
22.4,91,1.0,945.3,23.7,279,100,0.428,2024-09-02 04:00:00+00:00,17.385,78.4867
22.5,90,0.3,945.5,23.1,275,100,0.427,2024-09-02 05:00:00+00:00,17.385,78.4867
22.1,91,0.0,946.7,22.0,273,100,0.424,2024-09-02 06:00:00+00:00,17.385,78.4867
22.5,90,0.0,947.8,18.7,269,100,0.422,2024-09-02 07:00:00+00:00,17.385,78.4867
23.3,86,0.1,948.1,21.7,275,100,0.421,2024-09-02 08:00:00+00:00,17.385,78.4867
24.0,84,0.1,948.7,19.8,272,100,0.42,2024-09-02 09:00:00+00:00,17.385,78.4867
24.5,81,0.3,949.0,26.8,276,100,0.42,2024-09-02 10:00:00+00:00,17.385,78.4867
24.8,79,0.3,948.6,25.9,280,100,0.42,2024-09-02 11:00:00+00:00,17.385,78.4867
25.1,79,0.2,947.9,24.1,284,100,0.419,2024-09-02 12:00:00+00:00,17.385,78.4867
24.8,81,0.2,947.0,21.3,275,100,0.418,2024-09-02 13:00:00+00:00,17.385,78.4867
24.8,83,0.3,946.2,21.6,270,100,0.418,2024-09-02 14:00:00+00:00,17.385,78.4867
24.7,83,0.1,945.7,19.4,259,100,0.417,2024-09-02 15:00:00+00:00,17.385,78.4867
24.5,83,0.0,945.6,20.1,260,100,0.415,2024-09-02 16:00:00+00:00,17.385,78.4867
24.1,84,0.0,946.1,19.8,258,100,0.414,2024-09-02 17:00:00+00:00,17.385,78.4867
23.8,84,0.0,946.6,18.5,257,100,0.414,2024-09-02 18:00:00+00:00,17.385,78.4867
23.6,86,0.0,947.1,18.6,260,67,0.413,2024-09-02 19:00:00+00:00,17.385,78.4867
23.4,87,0.0,948.2,18.1,264,100,0.413,2024-09-02 20:00:00+00:00,17.385,78.4867
23.6,86,0.0,949.4,18.1,264,100,0.412,2024-09-02 21:00:00+00:00,17.385,78.4867
23.5,87,0.0,949.9,18.5,257,100,0.411,2024-09-02 22:00:00+00:00,17.385,78.4867
23.3,87,0.0,949.3,18.3,255,99,0.41,2024-09-02 23:00:00+00:00,17.385,78.4867
23.1,86,0.0,948.6,18.8,258,100,0.409,2024-09-03 00:00:00+00:00,17.385,78.4867
22.8,87,0.0,948.1,18.6,260,100,0.409,2024-09-03 01:00:00+00:00,17.385,78.4867
22.9,88,0.0,947.6,18.1,257,100,0.408,2024-09-03 02:00:00+00:00,17.385,78.4867
23.0,89,0.1,947.8,17.8,256,100,0.408,2024-09-03 03:00:00+00:00,17.385,78.4867
23.0,90,0.0,948.1,18.2,261,100,0.408,2024-09-03 04:00:00+00:00,17.385,78.4867
23.0,90,0.0,948.3,18.0,269,100,0.408,2024-09-03 05:00:00+00:00,17.385,78.4867
23.0,90,0.0,948.3,17.6,271,100,0.409,2024-09-03 06:00:00+00:00,17.385,78.4867
23.5,88,0.0,949.5,19.1,267,100,0.408,2024-09-03 07:00:00+00:00,17.385,78.4867
24.7,82,0.0,950.6,22.3,273,100,0.407,2024-09-03 08:00:00+00:00,17.385,78.4867
25.7,77,0.1,951.1,25.0,276,100,0.407,2024-09-03 09:00:00+00:00,17.385,78.4867
25.9,77,0.1,951.0,24.5,273,97,0.406,2024-09-03 10:00:00+00:00,17.385,78.4867
26.9,74,0.2,950.8,24.3,277,98,0.405,2024-09-03 11:00:00+00:00,17.385,78.4867
27.0,74,0.2,950.4,24.0,279,95,0.404,2024-09-03 12:00:00+00:00,17.385,78.4867
27.6,72,0.4,949.6,22.9,283,100,0.405,2024-09-03 13:00:00+00:00,17.385,78.4867
27.3,73,0.3,948.9,21.8,283,100,0.405,2024-09-03 14:00:00+00:00,17.385,78.4867
26.9,73,0.1,948.3,18.8,287,100,0.404,2024-09-03 15:00:00+00:00,17.385,78.4867
26.2,79,0.1,948.2,14.1,302,98,0.404,2024-09-03 16:00:00+00:00,17.385,78.4867
26.1,81,0.1,948.5,12.6,297,94,0.403,2024-09-03 17:00:00+00:00,17.385,78.4867
25.2,86,0.1,949.4,6.9,298,100,0.404,2024-09-03 18:00:00+00:00,17.385,78.4867
24.4,90,0.5,950.1,7.9,309,100,0.408,2024-09-03 19:00:00+00:00,17.385,78.4867
24.0,93,0.6,950.9,11.9,273,97,0.412,2024-09-03 20:00:00+00:00,17.385,78.4867
23.6,92,1.9,951.8,11.6,275,98,0.426,2024-09-03 21:00:00+00:00,17.385,78.4867
23.5,94,0.2,952.1,13.7,270,100,0.422,2024-09-03 22:00:00+00:00,17.385,78.4867
22.9,95,3.8,951.8,12.7,245,100,0.43,2024-09-03 23:00:00+00:00,17.385,78.4867
22.8,95,2.5,951.4,15.2,265,100,0.428,2024-09-04 00:00:00+00:00,17.385,78.4867
22.9,94,0.1,950.8,16.6,274,100,0.425,2024-09-04 01:00:00+00:00,17.385,78.4867
23.0,94,0.1,950.4,15.6,277,100,0.423,2024-09-04 02:00:00+00:00,17.385,78.4867
22.9,94,0.2,950.1,16.6,274,100,0.423,2024-09-04 03:00:00+00:00,17.385,78.4867
22.6,94,0.5,950.3,17.6,271,100,0.425,2024-09-04 04:00:00+00:00,17.385,78.4867
22.8,93,0.1,950.2,20.7,278,100,0.423,2024-09-04 05:00:00+00:00,17.385,78.4867
22.8,94,1.0,950.8,18.8,275,100,0.429,2024-09-04 06:00:00+00:00,17.385,78.4867
23.0,92,0.5,951.5,19.2,276,100,0.427,2024-09-04 07:00:00+00:00,17.385,78.4867
23.5,90,0.0,951.6,25.1,277,100,0.424,2024-09-04 08:00:00+00:00,17.385,78.4867
24.3,86,0.2,951.5,23.8,285,100,0.423,2024-09-04 09:00:00+00:00,17.385,78.4867
25.7,79,0.1,951.9,27.5,292,100,0.421,2024-09-04 10:00:00+00:00,17.385,78.4867
26.9,72,0.1,951.1,26.8,287,100,0.418,2024-09-04 11:00:00+00:00,17.385,78.4867
27.6,69,0.1,950.2,28.2,287,100,0.416,2024-09-04 12:00:00+00:00,17.385,78.4867
28.1,69,0.2,949.4,26.4,290,100,0.414,2024-09-04 13:00:00+00:00,17.385,78.4867
26.9,75,1.0,948.4,24.8,287,100,0.421,2024-09-04 14:00:00+00:00,17.385,78.4867
25.5,84,0.5,948.0,16.3,295,100,0.422,2024-09-04 15:00:00+00:00,17.385,78.4867
25.9,80,0.3,947.5,19.4,281,100,0.42,2024-09-04 16:00:00+00:00,17.385,78.4867
25.1,83,0.3,948.5,17.4,292,100,0.42,2024-09-04 17:00:00+00:00,17.385,78.4867
24.9,85,0.0,949.1,9.9,280,100,0.421,2024-09-04 18:00:00+00:00,17.385,78.4867
24.5,87,0.0,949.7,10.1,276,100,0.419,2024-09-04 19:00:00+00:00,17.385,78.4867
24.5,84,0.0,950.5,12.5,288,100,0.418,2024-09-04 20:00:00+00:00,17.385,78.4867
23.9,87,0.1,950.8,13.4,290,100,0.418,2024-09-04 21:00:00+00:00,17.385,78.4867
23.6,89,0.0,951.1,14.6,279,100,0.416,2024-09-04 22:00:00+00:00,17.385,78.4867
23.6,88,0.0,950.7,17.8,277,100,0.415,2024-09-04 23:00:00+00:00,17.385,78.4867
23.2,89,0.0,950.2,17.4,292,100,0.415,2024-09-05 00:00:00+00:00,17.385,78.4867
22.7,90,0.0,949.4,16.3,288,100,0.414,2024-09-05 01:00:00+00:00,17.385,78.4867
22.6,92,0.0,948.9,15.5,282,100,0.413,2024-09-05 02:00:00+00:00,17.385,78.4867
22.8,91,0.0,948.7,16.4,279,100,0.412,2024-09-05 03:00:00+00:00,17.385,78.4867
22.8,92,0.0,948.9,17.0,275,100,0.412,2024-09-05 04:00:00+00:00,17.385,78.4867
22.8,92,0.0,949.1,18.1,276,100,0.411,2024-09-05 05:00:00+00:00,17.385,78.4867
22.6,94,0.1,950.0,15.2,274,100,0.416,2024-09-05 06:00:00+00:00,17.385,78.4867
23.1,92,0.5,950.7,18.0,282,100,0.42,2024-09-05 07:00:00+00:00,17.385,78.4867
23.6,90,0.0,950.8,17.5,279,100,0.418,2024-09-05 08:00:00+00:00,17.385,78.4867
25.6,80,0.1,951.7,18.9,291,100,0.416,2024-09-05 09:00:00+00:00,17.385,78.4867
27.2,72,0.2,951.6,23.2,294,100,0.415,2024-09-05 10:00:00+00:00,17.385,78.4867
27.1,72,0.0,951.3,20.9,289,100,0.412,2024-09-05 11:00:00+00:00,17.385,78.4867
28.2,67,0.0,950.4,18.3,290,100,0.409,2024-09-05 12:00:00+00:00,17.385,78.4867
29.4,62,0.0,948.6,19.4,288,100,0.406,2024-09-05 13:00:00+00:00,17.385,78.4867
29.4,62,0.0,947.2,18.1,283,100,0.403,2024-09-05 14:00:00+00:00,17.385,78.4867
29.1,63,0.0,947.2,19.4,285,100,0.401,2024-09-05 15:00:00+00:00,17.385,78.4867
28.2,70,0.0,946.8,15.5,282,100,0.399,2024-09-05 16:00:00+00:00,17.385,78.4867
25.5,85,2.8,948.0,11.2,274,100,0.424,2024-09-05 17:00:00+00:00,17.385,78.4867
24.8,84,0.0,948.2,11.9,272,100,0.399,2024-09-05 18:00:00+00:00,17.385,78.4867
24.5,86,0.0,949.3,11.6,277,100,0.399,2024-09-05 19:00:00+00:00,17.385,78.4867
24.4,87,0.0,950.0,10.7,282,100,0.399,2024-09-05 20:00:00+00:00,17.385,78.4867
24.2,89,0.0,950.4,11.0,281,100,0.399,2024-09-05 21:00:00+00:00,17.385,78.4867
24.0,91,0.0,950.6,12.2,270,100,0.399,2024-09-05 22:00:00+00:00,17.385,78.4867
24.0,90,0.0,950.3,12.6,272,100,0.399,2024-09-05 23:00:00+00:00,17.385,78.4867
23.6,91,0.0,950.0,14.2,261,100,0.399,2024-09-06 00:00:00+00:00,17.385,78.4867
23.1,91,0.0,949.6,15.9,267,100,0.399,2024-09-06 01:00:00+00:00,17.385,78.4867
22.9,92,0.0,949.0,17.0,276,100,0.398,2024-09-06 02:00:00+00:00,17.385,78.4867
22.8,93,0.0,948.6,15.6,277,100,0.398,2024-09-06 03:00:00+00:00,17.385,78.4867
22.6,93,0.0,948.6,14.7,281,100,0.398,2024-09-06 04:00:00+00:00,17.385,78.4867
22.6,93,0.0,949.1,15.7,281,99,0.398,2024-09-06 05:00:00+00:00,17.385,78.4867
22.8,91,0.0,949.5,15.1,282,100,0.398,2024-09-06 06:00:00+00:00,17.385,78.4867
24.1,85,0.0,950.6,19.7,291,100,0.397,2024-09-06 07:00:00+00:00,17.385,78.4867
25.1,80,0.1,951.5,21.1,295,100,0.397,2024-09-06 08:00:00+00:00,17.385,78.4867
26.1,77,0.4,952.2,18.4,293,100,0.399,2024-09-06 09:00:00+00:00,17.385,78.4867
27.1,72,0.1,951.9,21.4,306,100,0.398,2024-09-06 10:00:00+00:00,17.385,78.4867
28.1,68,0.0,951.6,20.6,303,100,0.396,2024-09-06 11:00:00+00:00,17.385,78.4867
28.7,67,0.1,950.8,19.5,300,100,0.394,2024-09-06 12:00:00+00:00,17.385,78.4867
29.0,67,0.1,949.4,18.0,296,99,0.392,2024-09-06 13:00:00+00:00,17.385,78.4867
28.9,68,0.1,948.1,17.3,291,99,0.39,2024-09-06 14:00:00+00:00,17.385,78.4867
28.6,68,0.1,947.5,17.7,299,99,0.389,2024-09-06 15:00:00+00:00,17.385,78.4867
25.9,84,1.7,947.9,11.2,255,100,0.405,2024-09-06 16:00:00+00:00,17.385,78.4867
25.1,85,0.2,948.6,13.6,287,100,0.405,2024-09-06 17:00:00+00:00,17.385,78.4867
24.9,84,0.0,949.7,11.2,270,100,0.413,2024-09-06 18:00:00+00:00,17.385,78.4867
24.7,87,0.0,950.5,11.2,266,100,0.411,2024-09-06 19:00:00+00:00,17.385,78.4867
24.6,87,0.0,950.9,11.9,265,100,0.409,2024-09-06 20:00:00+00:00,17.385,78.4867
24.6,86,0.0,951.8,13.7,288,100,0.407,2024-09-06 21:00:00+00:00,17.385,78.4867
24.3,88,0.0,952.1,12.1,297,100,0.406,2024-09-06 22:00:00+00:00,17.385,78.4867
24.0,89,0.0,952.1,14.7,292,100,0.405,2024-09-06 23:00:00+00:00,17.385,78.4867
23.5,91,0.4,950.9,15.8,297,100,0.407,2024-09-07 00:00:00+00:00,17.385,78.4867
23.2,92,0.1,949.9,15.5,292,100,0.406,2024-09-07 01:00:00+00:00,17.385,78.4867
23.1,93,0.0,949.1,15.2,284,100,0.405,2024-09-07 02:00:00+00:00,17.385,78.4867
23.2,92,0.0,949.1,13.7,284,100,0.405,2024-09-07 03:00:00+00:00,17.385,78.4867
23.0,93,0.0,949.5,13.5,286,100,0.404,2024-09-07 04:00:00+00:00,17.385,78.4867
22.9,93,0.0,949.8,14.3,288,100,0.403,2024-09-07 05:00:00+00:00,17.385,78.4867
22.8,94,1.6,949.6,18.3,306,100,0.421,2024-09-07 06:00:00+00:00,17.385,78.4867
23.2,94,0.6,950.6,16.3,298,100,0.421,2024-09-07 07:00:00+00:00,17.385,78.4867
23.7,91,0.2,951.6,17.9,292,100,0.418,2024-09-07 08:00:00+00:00,17.385,78.4867
23.8,92,0.6,952.3,16.3,284,100,0.419,2024-09-07 09:00:00+00:00,17.385,78.4867
23.9,91,0.7,952.5,17.2,281,100,0.421,2024-09-07 10:00:00+00:00,17.385,78.4867
24.6,85,0.7,952.1,21.1,287,100,0.421,2024-09-07 11:00:00+00:00,17.385,78.4867
24.0,91,0.8,951.3,20.3,276,100,0.423,2024-09-07 12:00:00+00:00,17.385,78.4867
24.6,86,0.8,950.0,21.7,281,100,0.423,2024-09-07 13:00:00+00:00,17.385,78.4867
25.2,84,0.4,948.9,20.3,277,100,0.421,2024-09-07 14:00:00+00:00,17.385,78.4867
26.5,76,0.1,948.7,19.1,281,100,0.418,2024-09-07 15:00:00+00:00,17.385,78.4867
26.3,77,0.1,948.8,14.2,279,100,0.415,2024-09-07 16:00:00+00:00,17.385,78.4867
25.4,82,1.2,949.4,11.9,270,100,0.423,2024-09-07 17:00:00+00:00,17.385,78.4867
24.9,82,0.0,950.4,11.2,272,100,0.387,2024-09-07 18:00:00+00:00,17.385,78.4867
24.4,84,0.0,951.1,13.4,265,100,0.387,2024-09-07 19:00:00+00:00,17.385,78.4867
23.9,87,0.3,951.7,16.3,264,100,0.39,2024-09-07 20:00:00+00:00,17.385,78.4867
23.6,91,0.7,952.6,15.1,271,100,0.396,2024-09-07 21:00:00+00:00,17.385,78.4867
23.3,93,0.5,952.2,19.4,270,100,0.401,2024-09-07 22:00:00+00:00,17.385,78.4867
23.0,94,0.5,951.9,16.3,278,100,0.405,2024-09-07 23:00:00+00:00,17.385,78.4867
