name,latitude,longitude,type,capacity,elevation
Hyderabad Government High School,17.3850,78.4867,School,500,505
Hyderabad Community Hall,17.3880,78.4900,Community Hall,300,510
Hyderabad Sports Complex,17.3920,78.4850,Sports Complex,800,495
Hyderabad Railway Station,17.3840,78.4880,Railway Station,1000,500
Hyderabad Government College,17.3800,78.4820,College,400,515
Warangal Government School,17.9689,79.5941,School,450,302
Warangal Community Center,17.9720,79.5980,Community Center,250,308
Warangal Sports Stadium,17.9650,79.5900,Sports Stadium,600,295
Warangal District Hospital,17.9700,79.5950,Hospital,350,300
Karimnagar High School,18.4386,79.1288,School,350,420
Karimnagar Municipal Building,18.4420,79.1320,Municipal Building,400,425
Karimnagar Sports Ground,18.4350,79.1250,Sports Ground,500,415
Nizamabad Government College,18.6725,78.0941,College,300,480
Nizamabad Community Hall,18.6750,78.0980,Community Hall,200,485
Nizamabad Railway Station,18.6700,78.0900,Railway Station,800,475
Khammam District School,17.2473,80.1514,School,400,380
Khammam Municipal Office,17.2500,80.1550,Municipal Office,250,385
Khammam Sports Complex,17.2450,80.1480,Sports Complex,550,375
Bhadrachalam Temple Complex,17.6689,80.8933,Religious Site,300,150
Bhadrachalam Government School,17.6720,80.8970,School,250,155
Nalgonda District Center,17.0575,79.2684,Community Center,350,450
Nalgonda Government College,17.0600,79.2720,College,200,455
Nalgonda Sports Ground,17.0550,79.2650,Sports Ground,400,445
Mahabubnagar High School,16.7488,77.9840,School,450,500
Mahabubnagar Community Hall,16.7520,77.9880,Community Hall,300,505
Mahabubnagar Railway Station,16.7450,77.9800,Railway Station,700,495
Adilabad Government School,19.6641,78.5320,School,350,350
Adilabad District Center,19.6670,78.5360,Community Center,250,355
Adilabad Sports Complex,19.6610,78.5280,Sports Complex,450,345
Nirmal Government College,19.0964,78.3429,College,200,400
Nirmal Community Hall,19.0990,78.3460,Community Hall,150,405
Mancherial District School,18.8679,79.4639,School,400,250
Mancherial Municipal Building,18.8710,79.4670,Municipal Building,300,255
Peddapalli Railway Station,18.7557,79.5130,Railway Station,600,280
Peddapalli Community Center,18.7580,79.5170,Community Center,200,285
Jagtial Government School,18.7946,78.9126,School,350,320
Jagtial Sports Ground,18.7910,78.9080,Sports Ground,450,315
Siddipet High School,18.1018,78.8520,School,400,450
Siddipet Community Hall,18.1050,78.8560,Community Hall,250,455
Medak Government College,18.0450,78.2630,College,250,500
Medak Sports Complex,18.0480,78.2670,Sports Complex,400,505
Sangareddy Municipal Office,17.6190,78.0810,Municipal Office,300,480
Sangareddy Community Center,17.6220,78.0850,Community Center,200,485
Suryapet District School,17.1439,79.6239,School,450,280
Suryapet Railway Station,17.1470,79.6270,Railway Station,700,285
Vikarabad Government School,17.3366,77.9048,School,350,650
Vikarabad Community Hall,17.3400,77.9080,Community Hall,200,655
Nagarkurnool High School,16.4854,78.3338,School,400,450
Nagarkurnool Municipal Building,16.4880,78.3370,Municipal Building,250,455
Wanaparthy Government College,16.3624,78.0628,College,200,400
Wanaparthy Sports Ground,16.3650,78.0660,Sports Ground,350,405
